<!DOCTYPE refentry [ <!ENTITY % mathent SYSTEM "math.ent"> %mathent; ]>

<!-- Converted by db4-upgrade version 1.1 -->

<refentry xmlns="http://docbook.org/ns/docbook" version="5.0" xml:id="gl_WorkGroupSize">
    <info>
        <copyright>
            <year>2011-2014</year>
            <holder>Khronos Group</holder>
        </copyright>
    </info>
    <refmeta>
        <refentrytitle>gl_WorkGroupSize</refentrytitle>
        <manvolnum>3G</manvolnum>
    </refmeta>
    <refnamediv>
        <refname>gl_WorkGroupSize</refname>
        <refpurpose>contains the size of the workgroup operated on by a compute shader</refpurpose>
    </refnamediv>
    <refsynopsisdiv>
        <title>Declaration</title>
        <fieldsynopsis>
            <modifier>const</modifier> 
            <type>uvec3</type> 
            <varname>gl_WorkGroupSize</varname>
        </fieldsynopsis>
    </refsynopsisdiv>
    <refsect1 xml:id="description"><title>Description</title>
        <para>
            In the compute language, <varname>gl_WorkGroupSize</varname>
            contains the size of a workgroup declared by a compute
            shader. The size of the work group in the X, Y, and Z dimensions is stored in the x, y, and z components of <varname>gl_WorkGroupSize</varname>.
            The values stored in <varname>gl_WorkGroupSize</varname> match those specified in the 
            required <varname>local_size_x</varname>, <varname>local_size_y</varname>, and <varname>local_size_z</varname> layout
            qualifiers for the current shader. This value is constant so that it can be used to size arrays of memory that can be shared within
            the local work group.
        </para>
    </refsect1>
    <refsect1 xml:id="versions">
        <title>Version Support</title>
        <informaltable>
            <tgroup cols="4" align="left">
                <xi:include xmlns:xi="http://www.w3.org/2001/XInclude" href="funchead.xml" xpointer="xpointer(/*/*)"/>
                <tbody>
                    <row>
                        <entry><varname>gl_WorkGroupSize</varname></entry>
                        <xi:include xmlns:xi="http://www.w3.org/2001/XInclude" href="version.xml" xpointer="xpointer(/*/*[@role='es31']/*)"/>
                    </row>
                </tbody>
            </tgroup>
        </informaltable>
    </refsect1>
    <refsect1 xml:id="seealso"><title>See Also</title>
        <para>
            <citerefentry><refentrytitle>gl_NumWorkGroups</refentrytitle></citerefentry>,
            <citerefentry><refentrytitle>gl_WorkGroupID</refentrytitle></citerefentry>,
            <citerefentry><refentrytitle>gl_LocalInvocationID</refentrytitle></citerefentry>
        </para>
    </refsect1>
    <refsect1 xml:id="Copyright"><title>Copyright</title>
        <para>
            Copyright <trademark class="copyright"/> 2011-2014 Khronos Group. 
            This material may be distributed subject to the terms and conditions set forth in 
            the Open Publication License, v 1.0, 8 June 1999.
            <link xmlns:xlink="http://www.w3.org/1999/xlink" xlink:href="http://opencontent.org/openpub/">http://opencontent.org/openpub/</link>.
        </para>
    </refsect1>
</refentry>
